EXAMPLE_ID	TITLE	CATEGORY
0	Star Wars Boy's TIE Fighter in Flight T-Shirt Athletic Heather S	Shirt
1	Authentic Graphite Mens Green Flannel Shirt Clasp Front Flat Collar Cotton L	Shirt
2	tommy hilfiger 2012 Color Block T Shirt Size XL Men	Shirt
3	Judith Hart Petites Silk Blend Top Size LP	Shirt
4	Stetson Western Shirt Mens L/S Plaid Button Blue 11-001-0579-5004 BU	Shirt
5	Black Sabbath Mob Rules repro shirt Metal Doom	Shirt
6	Got Rays ? T-Shirt Tee Shirt Gildan Free Sticker S M L XL 2XL 3XL Cotton	Shirt
7	Chicago Illinois American Flag T-Shirt	Shirt
8	Nike Mens Dri-FIT Breathe Hyper Dry Training Running Top Shirt NEW AT3737-403	Shirt
9	A Nightmare Before Christmas. Shirt. Black. Adult M (38-40)	Shirt
10	Steve Madden XENON WEDGE PLATFORMS 5.5 NEW IN BOX	Shoes
11	Danner Grouse Gore-Tex Black	Shoes
12	Antonio Melani Peep Toe/ Studed Bow Womens Size 8.5	Shoes
13	PRADA Men's Logo Slip on Brown Leather Driving Loafer Shoe 10	Shoes
14	Anne Klein Sport Patent Ballet Flat Shoes Bright Red US 8 M Akaricia Rubber Sole	Shoes
15	Betsey Johnson Gold Retro Pin Up Girl Rockabilly Flower Strappy Sandal Heel * 7	Shoes
16	Women Winter Outdoor Warm Ankle Snow Boots Fur Side Thermal Shoes	Shoes
17	Naturalizer Womens Marianne Low Top Pull On Fashion, Silver Snake, Size 10.0 RkG	Shoes
18	NIKE REACT PRESTO LASER CRIMSON-METALLIC SILVER SZ 11.5 [CK4538-600]	Shoes
19	Assorted Brands Women Brown Mule/Clog EUR 39	Shoes
20	Vintage SOUTHPOLE Jeans Charcoal Mens Size 38 Brown Patches Design 1t99	Pants
21	Barbour Mens Neuston Slim-Fit Stretch Tapered Fit Chinos Pants Powder Blue 38R	Pants
22	BDG Urban Outfitters - Twig High Rise Pants - Womens 27 Black	Pants
23	ASHLEY STEWART BLACK PANTS SIZE 24A	Pants
24	DIESEL men Jeans Sz 28 THOMMER-T Blue Denim Distressed Stretch Pants Blue 28 ...	Pants
25	Child of Mine Boys Pants size 6 mo, blue/navy, cotton	Pants
26	CITIZENS OF HUMANITY COH Denim DANI Cropped Straight Leg Cuff Capri Jeans Sz 32	Pants
27	Ivanka Trump Women Black Dress Pants 10	Pants
28	Haggar H26 Men Size 30x30 New No-iron Khaki Pants Flat Front Classic Fit Stretch	Pants
29	Margaret M Slimming Pant Black Tan Geometric NWOT Size Small Stretch Retail $99	Pants
30	Brooks Brothers Dress Size 8	Dress
31	Old Navy Women Gray Casual Dress XS	Dress
32	ANNA Dress Black/Beige Sleeveless Lined Polyester 3XL	Dress
33	womens dresses	Dress
34	Beautiful Spring Blue Lularoe Julia Dress Xs NWT	Dress
35	Hale Bob Floral Fitted Silk Jersey Dress | Long Sleeve Mini XS S NWT 1WIL6828 *	Dress
36	Red Body Central strapless dress size S	Dress
37	Horcute Pageant Tulle Floral Waist Sash Special Occasion Flower, Royal, Size 9.0	Dress
38	Free People Love of My Life Deep V-Neck Short Tie Sleeve Button Front Midi Dress	Dress
39	new TOPSHOP KATE MOSS black feather trimmed off shoulder cocktail dress US2 UK6	Dress
40	Deep Purple Smokey Water Men's Crewneck Sweatshirt	Sweater
41	2020 New Autumn and Winter Women's Letter Printing Long Sleeve Sweater	Sweater
42	Pullover 5 Button Polo Sweater in Olive Drab Brown	Sweater
43	CALVIN KLEIN Men's Cotton Modal V-Neck Sweater - Blue Mist Heather - Choose Size	Sweater
44	Radical tendencies T-shirt , Bmx, Mx, Skate, Tattoo, Graffiti, Punk music,	Sweater
45	Ann Taylor LOFT Women's Small Striped Knit Sweater Yellow Crew Neck Long Sleeve	Sweater
46	Women Long Sleeve V Neck Knitted Sweater Pullover Jumper Baggy Loose Blouse Tops	Sweater
47	Richmond Riverdogs - Navy Fleece Adult Sweatshirt	Sweater
48	Anthropologie Womens AZTEC Cream Red Open Front Cardigan Sweater Size Medum	Sweater
49	Pre-Owned Supreme x Stone Island Reflective Compass Sweater SZ Large Black	Sweater
50	BRECKENRIDGE Floral Crinkle Cotton Jacket Sz XL Button Up Long Sleeve Summery	Outerwear
51	Polaroid Camera Light Jacket Windbreaker White Womens Medium M	Outerwear
52	Women Asymmetrical Designer Double Breasted Blazer Jacket Slim British Coat New	Outerwear
53	Mens Detachable Hooded Faux Leather Jacket Motorcycle Outwear Slim Fit Biker L	Outerwear
54	Vintage Patagonia Mens Synchilla Fleece Jacket-Olive Green -Size Medium	Outerwear
55	Columbia Men's BIG 650 Turbo Down Winter Jacket Blue NWT Puffer 2X turbodown	Outerwear
56	LILITH gray black wool with nylon mesh overlay long jacket blazer S 38 WORN ONCE	Outerwear
57	NWT Tommy Hilfiger Zip Up Fleece Hoodie Jacket Lightweight Mens M MSRP $160	Outerwear
58	Marc New York Cocoa brown leather jacket women EUC M	Outerwear
59	Marc Jacobs Burgundy Zip Up Jacket | L	Outerwear
60	white Noise I -Premium Gallery Wrapped Canvas Small	Home Décor
61	80's Neon Flashback Style Macaw Parrot Vinyl Decal Sticker Bomb	Home Décor
62	French Bulldog Pillow Cover - Boston Terrier Gift - Bulldog Lover Gift	Home Décor
63	Decorative Lantern, Red 2 Pack Hanging Candle Holders, 7.87-Inch High Vintage St	Home Décor
64	Japanese POSTER.Stylish Graphic.Vintage Circus.Asian art.Interior Decorative.86i	Home Décor
65	Chesapeake Bay - North Point Map - 1893	Home Décor
66	Woman Handbag Gray Art Print / Canvas Print. Poster, Wall Art, Home Decor	Home Décor
67	NEXT INNOVATIONS-Tranquil Tetra Fish Wall Art Decor-Indoor or Out-New	Home Décor
68	Your Neighborhood Bake Shop, Custom - Rustic Distressed Wood Sign	Home Décor
69	"West Elm Totem 8"" White Flower Vase NEW (Marks on sides)"	Home Décor
70	Moderatly Played, English - 1 x MTG River of Tears Future Sight	Collectible Card Games
71	Pokemon BEST Promo #7 - DARK VENUSAUR Winner Card Slightly Damaged!	Collectible Card Games
72	Rage of Ra Meklord Deck Core/Lot LED7 1st Ed M/NM 32 Cards Pack Fresh	Collectible Card Games
73	YuGiOh My Body as a Shield - DT05-EN041 - Parallel Rare - Duel Terminal Lightly	Collectible Card Games
74	ELECTRODE - 8/147 - Aquapolis - Rare - Pokemon Card - NM	Collectible Card Games
75	pokemon card old back raichu mark none shippingfree from japan collection modern	Collectible Card Games
76	Pokemon Cards - Clefairy 63/108 - Evolutions	Collectible Card Games
77	Lot Of 2 Champions Path Elite Trainer Box Factory Sealed Ready To Ship Charizard	Collectible Card Games
78	4x Gastly - 109/165 - Common NM-Mint Pokemon G2 - Expedition	Collectible Card Games
79	Guardian Project (Promo Pack) FOIL Ravnica Allegiance NM CARD (171264) ABUGames	Collectible Card Games
80	Cyberpunk 2077 Collector's Edition (Xbox One/Series X) - PRE-ORDER SHIPS 12/10	Video Game
81	PlayStation2 : Red Star VideoGames	Video Game
82	7 Nintendo NES Games - Cartridges Only - Cleaned And Tested	Video Game
83	SONY PLAYSTATION 2 PS2 - CABELA'S TROPHY BUCKS Complete	Video Game
84	Super Dungeon Bros. (Microsoft Xbox One, 2016)	Video Game
85	X box 360 Ghost Recon Advanced Warfighter (2) game lot	Video Game
86	Tony Hawk's Pro Skater 4 PS2 Sony Playstation 2 Only Disc	Video Game
87	TROY: A Total War Saga Game AMAZONS PC/Mac DLC Digital Key - Region Free	Video Game
88	UNTESTED Parker Brothers Q*bert for Atari 2600 GAME ONLY	Video Game
89	Commodore Cosmic Jailbreak Vic-20 computer cartridge - WORKS	Video Game
90	Kate Spade Envelope Style Bag Chain Strap	Handbag
91	Brahmin Crossbody Shoulder Handbag. Marmalade Tangelo. NWT	Handbag
92	Auth CHLOE Marcie 2way Shoulder Bag Hand Bag Leather Brown Gold 3S0860 V-4470	Handbag
93	Michael Kors Red Patent Leather Purse	Handbag
94	Kenneth Cole Reaction leather handbag	Handbag
95	Rebecca Minkoff Abbey Yellow Leather Belt Bag S/M Clasp Turmeric Adjustable NEW	Handbag
96	Escada Tan and White Calf Hair Argyle Shoulder Bag	Handbag
97	Coach handbag	Handbag
98	Victoria secret tote bag new	Handbag
99	Kate spade New York black Carter street Kylie PXRU8584 NWT	Handbag
